Articolo,IVA,Prezzo,Prezzo proposto,Sconto,Tipo sconto,Indice scontrino;
MELANZANE,4.0,,,,Offerta Lidl Plus,1;
VALORF Scontt,,,A.16,,,1;
SIRTOTAIF,,,31.74,,,6;
AVOCADO 700G,4,315.0,,,,7;
SIRTOTAIF,,,AA.41,,,9;
SIBTOTAIF,,,15.57,,,10;
CUBTOTAlF,,1033.0,,,,11;
1,4.0,1.95,,,,12;
FILONE DI SEMOLA,,,16.38,,,12;
SIBTOTAIF,,,,,,12;
ACETO DI VINO BIANCO,10.0,,0.75,,,14;
TRIANGOLINI MAIS BIO,10.0,,0.75,,,15;
BABY ANGURIA,4.0,,,,Offerta Lidl Plus,15;
DIGESTIVE OL.SEMI.GI,10.0,,0.89,,,17;
TAVOLINO NERO FSC-051460,22.0,9.99,,-2.0,Offerta Lidl Plus,17;
BASE PER PINSA,4.0,,1.75,,,19;
MACIN DI BOV ADULTO,10.0,,5.99,,,19;
UOVA BIO,10.0,,1.49,,,19;
BANANE,4.0,,,,Sconto Lidl Plus,19;
UVA BIANCA MAZZ. IGP,4.0,,1.99,,,19;
SURTOTAI F,,,65.61,,,19;
;
;
;
;
;
;
;
;
;
;
;
;
;
;
;
;
;
;
;
;
;
;
;
;
;
;
;
;
;
;
;
;
;
;
;
;snc,nan,nan,nan,10
+66LidlPoints_,nan,nan,nan,11.0,nan;
-2.00€,nan,nan,nan,11.0,nan;
0,35,nan,nan,nan,11.0,nan;
2,00 Euro,nan,nan,nan,11.0,nan;
21_ 08-2026 08:46,nan,nan,nan,11.0,nan;
23030 VILLA DI TIRANO,nan,nan,nan,11.0,nan;
23030VilladiTirano(SO),nan,nan,nan,11.0,nan;
250G,nan,nan,nan,11.0,nan;
A.I.I C 00000000004,nan,nan,nan,11.0,nan;
A.IDA0000o00031010,nan,nan,nan,11.0,nan;
A.R.Q.C.F4SC9OOCE10B1974,nan,nan,nan,11.0,nan;
ACQUISTO,nan,nan,nan,11.0,nan;
APPL Revolut,nan,nan,nan,11.0,nan;
ARRIVEDERCI E GRAZIE,nan,nan,nan,11.0,nan;
ART32 448678/03,nan,nan,nan,11.0,nan;
ATC 001D TCC 380TT 00,nan,nan,nan,11.0,nan;
AUT RJEQRA OPER 086496,nan,nan,nan,11.0,nan;
Acquistoeffettuatoin,nan,nan,nan,11.0,nan;
BANANE,nan,nan,nan,11.0,nan;
Bancomat,nan,nan,nan,11.0,nan;
Cad Pz. 2,nan,nan,nan,11.0,nan;
Cod- Commerc 15582315,nan,nan,nan,11.0,nan;
ConLidl Plus hai risparmiato,nan,nan,nan,11.0,nan;
Contattaci:,nan,nan,nan,11.0,nan;
DATA21/08/26,nan,nan,nan,11.0,nan;
DI CUI IVA,nan,nan,nan,11.0,nan;
DOCUMENTO N 2213,nan,nan,nan,11.0,nan;
Dettaglio forme di pagamento:,nan,nan,nan,11.0,nan;
Dettaglisulpuntovendita,nan,nan,nan,11.0,nan;
EXP: 4**% PanSeqN: 000,nan,nan,nan,11.0,nan;
Eser 300868101537003,nan,nan,nan,11.0,nan;
FRAGOLE,20.0,nan,nan,11.0,nan;
GRAZIEPERILTUOACQUISTO,nan,nan,nan,11.0,nan;
IADO6O011203A00000,nan,nan,nan,11.0,nan;
IMPORTO EUR 58,32,nan,nan,nan,11.0,nan;
Importo pagato,nan,nan,nan,11.0,nan;
LIDL2073,nan,nan,nan,11.0,nan;
MANDORLE PELATE,10.0,nan,nan,11.0,nan;
MELE GOLDENIGP,nan,nan,nan,11.0,nan;
MELONEMANTOVANO IGP,nan,nan,nan,11.0,nan;
Mod Online CTLS ICC,nan,nan,nan,11.0,nan;
Nazionale, snc,nan,nan,nan,11.0,nan;
Nonhavalorefiscale.,nan,nan,nan,11.0,nan;
Nonpuòessereutilizzatoaifinidelreso-,nan,nan,nan,11.0,nan;
Numtel:+39 800919024,nan,nan,nan,11.0,nan;
OLIVE VERDIDENOCCIO,nan,nan,nan,11.0,nan;
ORA 08:48,nan,nan,nan,11.0,nan;
ORTRUGO DOC,9.0,nan,3.03,11.0,nan;
Offerta idl Plus,4.0,nan,58.32,11.0,nan;
OfferteLidlPlus,nan,nan,nan,11.0,nan;
PAGNOTTAPANE BIANCO,nan,nan,nan,11.0,nan;
PAN ************3315,nan,nan,nan,11.0,nan;
PESCHENETTARINE,nan,nan,nan,11.0,nan;
PIN VERIFIED,nan,nan,nan,11.0,nan;
PROV.BIA,nan,nan,nan,11.0,nan;
Pagamentoelettronico,nan,nan,nan,11.0,nan;
Puntiottenuti,nan,nan,nan,11.0,nan;
RT 3BIWBO10801,nan,nan,nan,11.0,nan;
SACCH. BIOGRAD,nan,nan,nan,11.0,nan;
SCOTTEX FAZZOLETTI,9.0,nan,0.76,11.0,nan;
STRACCH SENZA LATT_,nan,nan,nan,11.0,nan;
SUBTOTALE,nan,nan,nan,11.0,nan;
TAVOLINO NEROFSC- 051460,4.0,nan,58.32,11.0,nan;
TML 93549102 STAN087646,nan,nan,nan,11.0,nan;
TOTALECOMPLESSIVO,nan,nan,nan,11.0,nan;
TVRoooooooooo,nan,nan,nan,11.0,nan;
Tavolinoportacomputerportatile,nan,nan,nan,11.0,nan;
TrCC978 UN3F880735,nan,nan,nan,11.0,nan;
Transazione Autorizzata,nan,nan,nan,11.0,nan;
VALORE CONTI,nan,nan,nan,11.0,nan;
VIA NAZIONALD,nan,nan,nan,11.0,nan;
VISA,nan,nan,nan,11.0,nan;
VilladiTirano(SO),nan,nan,nan,11.0,nan;
Visa contactless,nan,nan,nan,11.0,nan;
YOGURT INTERO CAFFE,nan,nan,nan,11.0,nan;
YoG.INT.FRUTTIBOSCO,nan,nan,nan,11.0,nan;
puntisarannodisponibilidal22/08/2026,nan,nan,nan,11.0,nan;
www.lidlit/contatti,nan,nan,nan,11.0,nan;
