Articolo,IVA,Prezzo,Prezzo proposto,Sconto,Tipo sconto,Indice scontrino
OLIO EXTRA VERG.BIO,4.0,6.99,,1.9,Offerta Lidl Plus,1
FARINA 00,4.0,0.49,,,,1
PESCHE NOCI 1KG,4.0,1.99,,2.0,Offerta Lidl Plus,1
BABY ANGURIA,4.0,5.37,,,,1
CILIEGIE 500G,4.0,2.49,,,,1
MELANZANE,4.0,0.48,,0.26,Offerta Lidl Plus,1
PROVOLONE DOLCE,4.0,3.29,,,,1
6 UOVA LOMB TERRA L,10.0,1.99,,,,1
VALERIANA,4.0,0.99,,,,1
ACE NETTARE IN BRICK,22.0,1.75,,,,1
BISC. CER CIOCC,10.0,1.09,,,,1
YOG.INT BANANA,10.0,0.7,,,,1
YOGURT INTERO LIMONE,10.0,0.7,,,,1
YOGURT INTERO COCCO,10.0,0.7,,,,1
YOGURT INTERO CAFFE,10.0,0.7,,,,1
STRACCH.SENZA LATT,4.0,1.79,,,,2
QUARTIROLO LOMBARDO,4.0,3.99,,,,2
ORTRUGO DOC,22.0,2.69,,,,2
BISCOTTI RISO/LATTE,10.0,1.59,,0.4,Offerta Lidl Plus,2
MISTICANZA,4.0,0.99,,,,2
PAGNOTTA PROTEICA,10.0,2.39,,,,2
YOGURT BIANCO INTERO,10.0,0.99,,,,2
MELANZANE,4.0,1.79,,,,2
LIMONI SFUSI,4.0,0.6,,,,2
MELE GRANNY SMITH,4.0,0.98,,,,2
CAPPUCCIO,4.0,1.44,,,,2
BASE PER PINSA,4.0,1.75,,,,2
COCACOLA 0.5L,22.0,0.7,,0.35,Offerta Lidl Plus,3
GOLEADOR CARAM FRUT,10.0,1.49,,,,3
BIO ZENZERO MANGO LI,22.0,0.75,,,,3
SUCCO D'ARANCIA,22.0,1.19,,,,3
BARRETTE AL COCCO,10.0,0.49,,,,3
SUCCO DI MELA BIO,22.0,1.89,,,,3
ALBICOCCHE 1KG,4.0,2.29,,,,4
SPECK AFFETT LIGHT,10.0,1.75,,0.44,Prodotto in scadenza,4
BURRO PAST LATTE ITA,4.0,1.89,,,,4
MASCARPONE 41%GRASSI,4.0,1.69,,,,4
RICOTTA,4.0,0.75,,,,4
YOG INTERO ALBICOCCA,10.0,1.75,,,,4
CILIEGIE 500G,4.0,3.99,,,,4
LATTE PASTORIZZATO,4.0,1.25,,,,5
MELONE GIALLO,4.0,1.0,,,,5
PESCHE 1KG,4.0,1.79,,,,5
MOZZAREL NO MANGIMI,4.0,1.49,,,,5
INSALATA SFIZIOSA,4.0,0.49,,0.5,Prodotto in scadenza,5
POMODORO COKTAIL,4.0,1.99,,,,5
CROISSANT NOCCIOLA,10.0,0.59,,,,5
SENZA PECCATO MOUSSE,10.0,1.27,,0.32,Prodotto in scadenza,5
YOGURT INTERO LIMONE,10.0,0.7,,,,5
YOGURT INt FRAGOLA,10.0,0.7,,,,5
YOGURT INTERO COCCO,10.0,0.7,,,,5
YOGURT INTERO CAFFE,10.0,0.7,,,,5
UOVA BIO,10.0,1.49,,,,5
POLPA DI POMOD.FINE,4.0,0.99,,,,6
CAROTE BIO 500G,4.0,1.49,,,,6
SACCH.ORTOFR.BIOGRAD,4.0,0.01,,,,6
POMODORI GRAPPOLO,4.0,1.72,,0.58,Offerta Lidl Plus,6
CREMA ACETO BALSAM,10.0,1.39,,,,6
BIRRA DOPPIO MALTO,22.0,1.99,,,,6
GNOCCHETTI,4.0,0.89,,,,6
OLIO D'OLIVA EXTRA,4.0,5.19,,,,6
ORTRUGO DOC,22.0,2.69,,,,6
PEPERONI BUE SW. PAL,4.0,2.49,,,,6
PANE PITA,10.0,2.76,,,,6
RUCOLA,4.0,0.49,,0.5,Prodotto in scadenza,6
MISTICANZA,4.0,0.99,,,,6
LIBRO DI TESTO-0509061,4.0,3.99,,,,6
PETTO.TACCH.AL FORNO,10.0,1.89,,,,6
CAPPUCCIO,4.0,0.98,,,,6
RICOTTA FUSCELLA,4.0,1.79,,,,6
PROSECCO TREVISO DOC,22,2.69,,,,7
ORTRUGO DOC,22,2.69,,,,7
MOZZ SENZA LATTOSIO,4,2.99,,,,7
ZUCCHERO SEMOLATO,10,0.99,,,,7
PORRI,4,0.79,,,,7
GELATO COOKIES CREAM,10,3.29,,,,7
TONNO NATURALE MSC,10,3.18,,,,7
PESCHE NOCI PIATTE,4,2.49,,,,7
PASTA SFOGLIA,10,0.89,,,,7
MACINATO MISTO,10,4.99,,,,7
MACIN.DI BOV ADULTO,10,5.99,,,,7
POMODORO CILIEGINO,4,1.79,,,,7
SET PALETTA SCOPINO-0491718,22,1.49,,,,7
BASE PER PINSA,4,3.5,,,,7
AVOCADO 700G,4,3.15,,,,7
KINDER PINGUI,10.0,2.84,,,,8
STRACCHINO,4.0,1.49,,,,8
MUFFIN CACAO,10.0,2.25,,,,8
YOG INT FRUTTI BOSCO,10.0,1.4,,,,8
UOVA BIO,10.0,1.49,,,,8
YOG INT BANANA,10.0,0.7,,,,8
YOGURT INTERO LIMONE,10.0,0.7,,,,8
LATTUGHINO,4.0,0.99,,,,8
PESCHE,4.0,1.32,,,,8
FAGIOLI BORLOTTI,10.0,0.49,,,,9
CECI LESSATI,10.0,0.49,,,,9
TONNO OLIO GIRASOLE,10.0,2.99,,,,9
NIPPON QUADRATINI,10.0,1.79,,,,9
ORTRUGO DOC,22.0,2.69,,,,9
GNOCCHETTI,4.0,0.89,,,,9
OLIVE TAGGIASCHE DEN,10.0,2.49,,,,9
SOVRACOSCE DI POLLO,10.0,4.99,,,,9
YOGURT BIANCO INTERO,10.0,0.99,,,,9
GRANA PADANO DOP 12M,4.0,4.59,,,,9
MISTO PER SOFFRITTO,4.0,0.99,,,,9
MARCATORE INDELE NER-0519204,22.0,2.49,,,,9
AGLIO VOGHIERA DOP,4.0,1.49,,,,9
PISELLI FINI SURGEL,4.0,1.79,,,,9
QUARTIROLO LOMBARDO,4.0,3.89,,,,9
CAFFE DECAFFEINATO,22.0,2.99,,,,9
STRACCH.SENZA LATT.,4.0,1.79,,,,9
UOVA BIO,10.0,1.49,,,,9
ANGURIA A FETTE,4.0,3.2,,,,9
NETTARINE,4.0,1.69,,,,9
CIPOLLA ROSSA,4.0,0.2,,,,9
BABY ANGURIA,4.0,0.55,,,,10
6 UOVA LOMB. TERRA L,10.0,1.99,,,,10
MELONE RETATO,4.0,1.66,,,,10
POMODORO OBLUNGO,4.0,0.97,,,,10
MELANZANE STRIATE,4.0,0.77,,,,10
PESCHE,4.0,1.23,,,,10
ALBICOCCHE,4.0,0.83,,,,10
MOZZAR.LATT.ITALIAN,4.0,0.99,,,,10
ALBUME D'UOVO,22.0,1.89,,,,10
BURRO PAST LATTE ITA,4.0,1.89,,,,10
YOGURT INTERO LIMONE,10.0,1.4,,,,10
YOGURT INTERO CAFFE,10.0,0.7,,,,10
YOGURT INT FRAGOLA,10.0,0.7,,,,10
TONNO AL NATURALE,10.0,1.99,,,,11
CAPPERI ACETO VINO,10.0,1.09,,,,11
OLIVE TAGGIASCHE DEN,10.0,2.49,,,,11
PESCHE NETTARINE,4.0,0.96,,,,11
PESCHE PIATTE,4.0,0.98,,,,11
POMODORI CILIEGINO,4.0,1.79,,,,11
GRANA PADANO DOP,4.0,1.65,,,,11
CIPOLLA ROSSA,4.0,0.5,,,,11
BARR.PROT CIOCCO BIA,10.0,0.99,,,,11
FETA GRECA DOP,4.0,2.39,,,,11
UOVA BIO,10.0,1.49,,,,11
BANANE,4.0,0.21,,,,11
YOG INTERO ALBICOCCA,10.0,2.8,,,,11
CIPOLLE DORATE,4.0,0.35,,,,12
ORTRUGO DOC,22.0,2.69,,,,12
ACQUA TONICA,22.0,0.69,,,,12
FRIULI DOP REFOSCO,22.0,2.69,,,,12
ANGURIA A FETTE,4.0,2.83,,,,12
YOGURT BIANCO INTERO,10.0,0.99,,,,12
MIX UVET MIRT_ ROSSI,10.0,1.79,,,,12
OLIVE TAGGIASCHE DEN,10.0,2.49,,,,12
VITEL TONNE,10.0,3.49,,,,12
MACIN.DI BOV.ADULTO,10.0,5.99,,,,12
MACINATO MAGRO,10.0,5.99,,,,12
COUSCOUS ITALIANO,4.0,1.29,,,,12
CAPPERI ACETO VINO,10.0,1.09,,,,12
STRACCH.SENZA LATT.,4.0,1.79,,,,12
PEPERONI GIALLI,4.0,0.84,,,,12
PEPERONI ROSSI,4.0,0.71,,,,12
HUMMUS POMODORI SECC,10.0,1.49,,,,12
RICOTTA FUSCELLA,4.0,1.79,,,,12
LIMONI SFUSI,4.0,0.6,,,,12
AVOCADO 700G,4.0,3.15,,,,12
APFEL ROT SUB-SAUER,4.0,1.69,,,,12
FILONE DI SEMOLA,4.0,1.95,,,,12
RISO AL LAT CILIEGIA,10.0,0.89,,,,13
RICOTTADESSERT AMAR-,10.0,1.29,,,,13
ALBICOCCHE,4.0,0.7,,,,13
PESCHE,4.0,1.32,,,,13
CARTA IGIENICA,22.0,8.78,,,,14
NOCCIOL.DOLCE GUSTO,10.0,6.58,,,,14
PASSA POMOD.BASILICO,4.0,0.99,,,,14
SACCHETTI PATT_ BIANC,22.0,0.99,,,,14
CARTA DA FORNO,22.0,1.99,,,,14
GOCCE DI CIOCCOLATO,10.0,2.49,,,,14
PATÈ SNACK GATTI,22.0,3.58,,,,14
TREBBIANO RUBICONE,22.0,2.78,,,,14
ACETO DI VINO BIANCO,10.0,0.75,0.75,,,14
OLIO PER FRIGGERE,4.0,1.99,,,,14
D.A.F. ALCOL ETILICO,22.0,1.99,,,,14
SPRAY/LACCA CLASSIC,22.0,1.95,,,,14
FARINA 00,4.0,0.98,,,,14
CAPPERI ACETO VINO,10.0,1.09,,,,14
SACCHI SPAZZATU.130L,22.0,1.89,,,,14
FUNGHI INT IN OLIO,10.0,1.85,,,,14
DG BOX CAP.CAFFE D.,22.0,3.59,,,,14
POLVERE LIEVITANTE,10.0,0.79,,,,14
FILETTI DI ALICI,10.0,4.98,,,,14
SACCHETTI PROF BAGNO,22.0,0.69,,,,14
DETERGENTE INTIMO,22.0,1.29,,,,14
CIPOLLE DORATE 1KG,4.0,1.19,,,,14
NOCI SGUSCIATE,4.0,2.39,,,,14
AGLIO BIANCO,4.0,0.98,,,,14
KIWI,4.0,1.21,,,,14
UVA BIANCA IGP 1KG,4.0,2.39,,,,14
CREMA CORPO,22.0,1.79,,,,14
TAGLIOLINI ALL UOVO,4.0,1.9,,,,15
FALAFEL,10.0,2.29,,,,15
CIOCC_ LATT.AL CARAM,10.0,0.99,,,,15
BORSA FRUTTA VERD.3€,4.0,3.0,,,,15
CAFFE ROSSO,22.0,3.29,,,,15
GELAT.CARAMEL.SALATO,10.0,3.29,,,,15
ORTRUGO DOC,22.0,2.69,,,,15
CIPOLLA ROSSA,4.0,0.32,,,,15
UOVA ALLEV.APERTO M,10.0,1.89,,,,15
YOGURT BIANCO INTERO,10.0,1.98,,,,15
HUMMUS PICCANTE,10.0,1.11,,0.38,Offerta Lidl Plus,15
MACINATO MAIALE ITA,10.0,3.99,,,,15
MACINATO DI BOVINO,10.0,5.99,,,,15
RAFFAELLO GELATO,10.0,6.38,,,,15
FIOCCHI CON FR.ROSS,10.0,2.89,,,,15
TRIANGOLINI MAIS BIO,10.0,0.75,0.75,,,15
BABY ANGURIA,4.0,1.43,,0.62,Offerta Lidl Plus,15
QUARTIROLO LOMBARDO,4.0,3.89,,,,15
BARR.CARAM BISCOTTO,10.0,0.49,,,,15
ACCESSORI CUCINA-0539344,22.0,1.99,,,,15
YOGURT INTERO CAFFE,10.0,0.7,,,,15
YOG INTERO VANIGLIA,10.0,0.7,,,,15
AVOCADO 700G,4.0,3.15,,,,15
CARTA IGIEN 3 VELI,22.0,3.85,,,,16
YOGURT BIANCO INTERO,10.0,1.98,,,,16
ORTRUGO DOC,22.0,2.69,,,,16
SUCCO E POLPA PESCA,22.0,1.75,,,,16
COOKIES CIOCC VEGANO,10.0,1.59,,,,16
YOGURT INTERO COCCO,10.0,0.7,,,,16
YOGURT INTERO LIMONE,10.0,0.7,,,,16
STRACCH.SENZA LATT.,4.0,1.79,,,,16
PREZZEMOLO,4.0,0.75,,,,16
ALBICOCCHE SFUSE,4.0,1.27,,0.14,Sconto Lidl Plus,16
PESCHE NETTARINE,4.0,1.45,,,,16
BANANE,4.0,0.58,,,,16
HUMMUS BARBABIETOLA,10.0,1.19,,,,16
PANGRATTATO,4.0,0.69,,,,16
MELANZANE BIO,4.0,1.49,,,,16
BISC- PROT.CIOCC.,10.0,1.29,,,,16
BARRETTE PROT.CARAM,10.0,0.99,,,,16
MANGO PZ,4.0,1.39,,,,16
CIPOLLA ROSSA,4.0,0.41,,,,16
CARPACCIO BRESAOLA,10.0,2.75,,,,16
PEPERONI MISTI,4.0,1.99,,,,16
VASCHETTE 15,22.0,4.79,,,,17
FARINA 00,4.0,0.49,,,,17
LOGEX GUANTI M,5.0,4.99,,,,17
SCOTTEX FAZZOLETTI,22.0,1.89,,,,17
UOVA BIO,10.0,2.98,,,,17
ORTRUGO DOC,22.0,2.49,,,,17
CREMA DI ARACHIDI,10.0,2.29,,,,17
POLPA DI POMOD.FINE,4.0,0.99,,,,17
DIGESTIVE OL.SEMI.GI,10.0,0.89,0.89,,,17
TAVOLINO NERO FSC-051460,22.0,5.99,,2.0,Offerta Lidl Plus,17
MELANZANE,4.0,1.49,,,,17
VITEL TONNE,10.0,3.49,,,,17
CAROTE XXL 1250G,4.0,1.19,,,,17
RUCOLA BIO,4.0,0.99,,,,17
MANDORLE PELATE,4.0,2.98,,,,17
FRAGOLE 250G,4.0,1.99,,,,17
OLIVE VERDI DENOCCIO,10.0,2.79,,,,17
PESCHE NETTARINE,4.0,1.0,,,,17
SACCH.ORTOFR.BIOGRAD,4.0,0.02,,,,17
BANANE,4.0,0.76,,,,17
MELE GOLDEN IGP,4.0,1.27,,,,17
MELONE MANTOVANO IGP,4.0,3.03,,,,17
CASEIF BRIZ- PROV BIA,4.0,4.49,,,,17
PAGNOTTA PANE BIANCO,4.0,1.85,,,,17
STRACCH SENZA LATT.,4.0,1.79,,,,17
YOG INT FRUTTI BOSCO,10.0,0.7,,,,17
YOGURT INTERO CAFFE,10.0,0.7,,,,17
PASSATA POMOD.BIO,4.0,0.99,,,,18
OLIO SEMI ARACHIDE,4.0,2.89,,,,18
OLIO EXTRA VERG.BIO,4.0,8.49,,,,18
CALVE MAIONESE,10.0,1.29,,,,18
ORTRUGO DOC,22.0,2.69,,,,18
YOGURT INTERO CAFFE,10.0,1.4,,,,18
MELONE MANTOVANO IGP,4.0,1.92,,,,18
PEPERONI MISTI,4.0,1.99,,,,18
BARRETTE PROT VANIG,10.0,0.99,,,,18
MANDORLE PELATE,4.0,2.98,,,,18
PESCHE NETTARINE,4.0,1.18,,,,18
SACCH.ORTOFR.BIOGRAD,4.0,0.01,,,,18
BURRO PAST LATTE ITA,4.0,1.89,,,,18
UOVA BIO,10.0,1.49,,,,18
BOCCONCINI POLLO,10.0,9.18,,,,18
SCHWEPPES TONICA ZER,22.0,1.35,,,,18
MISTICANZA,4.0,0.99,,,,18
HUMMUS POMODORI SECC,10.0,1.49,,,,18
ZUCCHERO SEMOLATO,10.0,3.92,,,,19
LATTE PASTORIZZATO,4.0,1.25,,,,19
ORTRUGO DOC,22.0,2.69,,,,19
OLIO EXTRA VERG BIO,4.0,8.49,,,,19
PROVOLONE PICCANTE,4.0,3.29,,,,19
CAFFE ROSSO,22.0,3.29,,,,19
FIOCCHI D'AVENA,10.0,0.89,,,,19
OLIVE VERDI DENOCCIO,10.0,2.79,,,,19
MELONE GIALLO,4.0,2.33,,,,19
PAS SFOG ROTONDA,10.0,0.95,,,,19
BASE PER PINSA,4.0,1.75,1.75,,,19
PANE PITA,4.0,1.38,,,,19
PROSC.CRUDO STAG_ 12M,10.0,2.49,,,,19
MACINATO MAIALE ITA,10.0,3.99,,,,19
MACIN DI BOV ADULTO,10.0,5.99,5.99,,,19
PANNA FRESCA PAST_,10.0,1.39,,,,19
MISTICANZA,4.0,0.99,,,,19
UOVA ALLEV.APERTO M,10.0,1.89,,,,19
UOVA BIO,10.0,1.49,1.49,,,19
YOGURT INTERO CAFFE,10.0,1.4,,,,19
MELANZANE,4.0,0.61,,0.11,Sconto Lidl Plus,19
PEPERONI MISTI,4.0,2.49,,,,19
AVOCADO PZ,4.0,1.49,,,,19
BANANE,4.0,0.51,,0.06,Sconto Lidl Plus,19
UVA BIANCA MAZZ. IGP,4.0,1.99,1.99,,,19
ZUCCHINE,4.0,1.74,,,,19
SACCH ORTOFR.BIOGRAD,4.0,0.01,,,,19
KIWI,4.0,1.13,,,,19
TONNO LEGGERO FAD FR,10.0,2.99,,,,19
