Scontrino,Indice,Data e Ora
2026.06.06_18002073320260606418073.png,1,06-06-2026 09:34
2026.06.06_18002073320260606418077.png,2,06-06-2026 09:38
2026.06.13_1800411812026061342409.png,3,13-06-2026 15:19
2026.06.14_18002073320260614420505.png,4,14-06-2026 14:57 
2026.06.28_18002073120260628320730.png,5,28-06-2026 08:46
2026.06.28_18002073120260628320731.png,6,28-06-2026 08:47
2026.07.03_18002073120260703323296.png,7,03-07-2026 20:52 
2026.07.03_18002073120260703323297.png,8,03-07-2026 20:53 
2026.07.11_18002073120260711326754.png,9,11-07-2026 20:03 
2026.07.11_18002073120260711326755.png,10,11-07-2026 20:04
2026.07.18_18002073320260718433711.png,11,18-07-2026 08:47
2026.07.18_18002073320260718433712.png,12,18-07-2026 08:48
2026.07.26_18002073420260726342668.png,13,26-07-2026 09:06 
2026.08.02_18002073320260802440671.png,14,02-08-2026 14:31
2026.08.08_18002073320260808443142.png,15,08-08-2026 08:46
2026.08.14_18002073320260814445794.jpg.png,16,14-08-2026 08:38
2026.08.21_18002073320260821448678.jpg.png,17,21-08-2026 08:46 
2026.08.28_18002073120260828348741.png,18,28-08-2026 14:10
2026.09.23_18002073120260923361001.png,19,23-09-2026 09:15
