Id articolo,IVA,Prezzo,Prezzo proposto,Sconto,Tipo sconto,Indice scontrino
189,4.0,6.99,,1.9,Offerta Lidl Plus,1
36,4.0,0.49,,,,1
196,4.0,1.99,,2.0,Offerta Lidl Plus,1
12,4.0,5.37,,,,1
175,4.0,2.49,,,,1
151,4.0,0.48,,0.26,Offerta Lidl Plus,1
200,4.0,3.29,,,,1
162,10.0,1.99,,,,1
209,4.0,0.99,,,,1
163,22.0,1.75,,,,1
169,10.0,1.09,,,,1
210,10.0,0.7,,,,1
128,10.0,0.7,,,,1
143,10.0,0.7,,,,1
127,10.0,0.7,,,,1
206,4.0,1.79,,,,2
95,4.0,3.99,,,,2
76,22.0,2.69,,,,2
170,10.0,1.59,,0.4,Offerta Lidl Plus,2
186,4.0,0.99,,,,2
191,10.0,2.39,,,,2
125,10.0,0.99,,,,2
151,4.0,1.79,,,,2
54,4.0,0.6,,,,2
184,4.0,0.98,,,,2
173,4.0,1.44,,,,2
16,4.0,1.75,,,,2
176,22.0,0.7,,0.35,Offerta Lidl Plus,3
179,10.0,1.49,,,,3
167,22.0,0.75,,,,3
207,22.0,1.19,,,,3
165,10.0,0.49,,,,3
208,22.0,1.89,,,,3
164,4.0,2.29,,,,4
205,10.0,1.75,,0.44,Prodotto in scadenza,4
18,4.0,1.89,,,,4
183,4.0,1.69,,,,4
201,4.0,0.75,,,,4
123,10.0,1.75,,,,4
175,4.0,3.99,,,,4
181,4.0,1.25,,,,5
185,4.0,1.0,,,,5
195,4.0,1.79,,,,5
187,4.0,1.49,,,,5
180,4.0,0.49,,0.5,Prodotto in scadenza,5
199,4.0,1.99,,,,5
178,10.0,0.59,,,,5
204,10.0,1.27,,0.32,Prodotto in scadenza,5
128,10.0,0.7,,,,5
211,10.0,0.7,,,,5
143,10.0,0.7,,,,5
127,10.0,0.7,,,,5
117,10.0,1.49,,,,5
87,4.0,0.99,,,,6
174,4.0,1.49,,,,6
157,4.0,0.01,,,,6
198,4.0,1.72,,0.58,Offerta Lidl Plus,6
177,10.0,1.39,,,,6
168,22.0,1.99,,,,6
45,4.0,0.89,,,,6
188,4.0,5.19,,,,6
76,22.0,2.69,,,,6
194,4.0,2.49,,,,6
192,10.0,2.76,,,,6
202,4.0,0.49,,0.5,Prodotto in scadenza,6
186,4.0,0.99,,,,6
182,4.0,3.99,,,,6
197,10.0,1.89,,,,6
173,4.0,0.98,,,,6
97,4.0,1.79,,,,6
94,22.0,2.69,,,,7
76,22.0,2.69,,,,7
67,4.0,2.99,,,,7
129,10.0,0.99,,,,7
92,4.0,0.79,,,,7
44,10.0,3.29,,,,7
112,10.0,3.18,,,,7
84,4.0,2.49,,,,7
78,10.0,0.89,,,,7
60,10.0,4.99,,,,7
55,10.0,5.99,,,,7
90,4.0,1.79,,,,7
103,22.0,1.49,,,,7
16,4.0,3.5,,,,7
11,4.0,3.15,,,,7
51,10.0,2.84,,,,8
109,4.0,1.49,,,,8
69,10.0,2.25,,,,8
122,10.0,1.4,,,,8
117,10.0,1.49,,,,8
121,10.0,0.7,,,,8
128,10.0,0.7,,,,8
53,4.0,0.99,,,,8
82,4.0,1.32,,,,8
34,10.0,0.49,,,,9
24,10.0,0.49,,,,9
113,10.0,2.99,,,,9
71,10.0,1.79,,,,9
76,22.0,2.69,,,,9
45,4.0,0.89,,,,9
75,10.0,2.49,,,,9
104,10.0,4.99,,,,9
125,10.0,0.99,,,,9
48,4.0,4.59,,,,9
65,4.0,0.99,,,,9
61,22.0,2.49,,,,9
5,4.0,1.49,,,,9
86,4.0,1.79,,,,9
95,4.0,3.89,,,,9
19,22.0,2.99,,,,9
107,4.0,1.79,,,,9
117,10.0,1.49,,,,9
9,4.0,3.2,,,,9
70,4.0,1.69,,,,9
26,4.0,0.2,,,,9
12,4.0,0.55,,,,10
0,10.0,1.99,,,,10
64,4.0,1.66,,,,10
91,4.0,0.97,,,,10
63,4.0,0.77,,,,10
82,4.0,1.23,,,,10
6,4.0,0.83,,,,10
214,4.0,0.99,,,,10
8,22.0,1.89,,,,10
18,4.0,1.89,,,,10
128,10.0,1.4,,,,10
127,10.0,0.7,,,,10
126,10.0,0.7,,,,10
111,10.0,1.99,,,,11
21,10.0,1.09,,,,11
75,10.0,2.49,,,,11
83,4.0,0.96,,,,11
85,4.0,0.98,,,,11
89,4.0,1.79,,,,11
47,4.0,1.65,,,,11
26,4.0,0.5,,,,11
15,10.0,0.99,,,,11
37,4.0,2.39,,,,11
117,10.0,1.49,,,,11
13,4.0,0.21,,,,11
123,10.0,2.8,,,,11
27,4.0,0.35,,,,12
76,22.0,2.69,,,,12
3,22.0,0.69,,,,12
41,22.0,2.69,,,,12
9,4.0,2.83,,,,12
125,10.0,0.99,,,,12
213,10.0,1.79,,,,12
75,10.0,2.49,,,,12
120,10.0,3.49,,,,12
56,10.0,5.99,,,,12
58,10.0,5.99,,,,12
29,4.0,1.29,,,,12
21,10.0,1.09,,,,12
107,4.0,1.79,,,,12
80,4.0,0.84,,,,12
81,4.0,0.71,,,,12
50,10.0,1.49,,,,12
97,4.0,1.79,,,,12
54,4.0,0.6,,,,12
11,4.0,3.15,,,,12
10,4.0,1.69,,,,12
39,4.0,1.95,,,,12
99,10.0,0.89,,,,13
98,10.0,1.29,,,,13
6,4.0,0.7,,,,13
82,4.0,1.32,,,,13
23,22.0,8.78,,,,14
72,10.0,6.58,,,,14
77,4.0,0.99,,,,14
215,22.0,0.99,,,,14
22,22.0,1.99,,,,14
46,10.0,2.49,,,,14
79,22.0,3.58,,,,14
114,22.0,2.78,,,,14
2,10.0,0.75,0.75,,,14
74,4.0,1.99,,,,14
31,22.0,1.99,,,,14
106,22.0,1.95,,,,14
36,4.0,0.98,,,,14
21,10.0,1.09,,,,14
102,22.0,1.89,,,,14
42,10.0,1.85,,,,14
33,22.0,3.59,,,,14
88,10.0,0.79,,,,14
38,10.0,4.98,,,,14
101,22.0,0.69,,,,14
32,22.0,1.29,,,,14
28,4.0,1.19,,,,14
73,4.0,2.39,,,,14
4,4.0,0.98,,,,14
52,4.0,1.21,,,,14
118,4.0,2.39,,,,14
30,22.0,1.79,,,,14
110,4.0,1.9,,,,15
35,10.0,2.29,,,,15
212,10.0,0.99,,,,15
17,4.0,3.0,,,,15
20,22.0,3.29,,,,15
43,10.0,3.29,,,,15
76,22.0,2.69,,,,15
26,4.0,0.32,,,,15
216,10.0,1.89,,,,15
125,10.0,1.98,,,,15
49,10.0,1.11,,0.38,Offerta Lidl Plus,15
59,10.0,3.99,,,,15
57,10.0,5.99,,,,15
96,10.0,6.38,,,,15
40,10.0,2.89,,,,15
115,10.0,0.75,0.75,,,15
12,4.0,1.43,,0.62,Offerta Lidl Plus,15
95,4.0,3.89,,,,15
14,10.0,0.49,,,,15
1,22.0,1.99,,,,15
127,10.0,0.7,,,,15
217,10.0,0.7,,,,15
11,4.0,3.15,,,,15
134,22.0,3.85,,,,16
125,10.0,1.98,,,,16
76,22.0,2.69,,,,16
142,22.0,1.75,,,,16
135,10.0,1.59,,,,16
143,10.0,0.7,,,,16
128,10.0,0.7,,,,16
107,4.0,1.79,,,,16
141,4.0,0.75,,,,16
130,4.0,1.27,,0.14,Sconto Lidl Plus,16
83,4.0,1.45,,,,16
13,4.0,0.58,,,,16
136,10.0,1.19,,,,16
139,4.0,0.69,,,,16
138,4.0,1.49,,,,16
132,10.0,1.29,,,,16
131,10.0,0.99,,,,16
137,4.0,1.39,,,,16
26,4.0,0.41,,,,16
133,10.0,2.75,,,,16
140,4.0,1.99,,,,16
161,22.0,4.79,,,,17
36,4.0,0.49,,,,17
149,5.0,4.99,,,,17
158,22.0,1.89,,,,17
117,10.0,2.98,,,,17
76,22.0,2.49,,,,17
146,10.0,2.29,,,,17
87,4.0,0.99,,,,17
147,10.0,0.89,0.89,,,17
160,22.0,5.99,,2.0,Offerta Lidl Plus,17
151,4.0,1.49,,,,17
120,10.0,3.49,,,,17
144,4.0,1.19,,,,17
156,4.0,0.99,,,,17
150,4.0,2.98,,,,17
148,4.0,1.99,,,,17
154,10.0,2.79,,,,17
83,4.0,1.0,,,,17
157,4.0,0.02,,,,17
13,4.0,0.76,,,,17
152,4.0,1.27,,,,17
153,4.0,3.03,,,,17
145,4.0,4.49,,,,17
155,4.0,1.85,,,,17
159,4.0,1.79,,,,17
122,10.0,0.7,,,,17
127,10.0,0.7,,,,17
193,4.0,0.99,,,,18
190,4.0,2.89,,,,18
189,4.0,8.49,,,,18
172,10.0,1.29,,,,18
76,22.0,2.69,,,,18
127,10.0,1.4,,,,18
153,4.0,1.92,,,,18
140,4.0,1.99,,,,18
166,10.0,0.99,,,,18
150,4.0,2.98,,,,18
83,4.0,1.18,,,,18
157,4.0,0.01,,,,18
18,4.0,1.89,,,,18
117,10.0,1.49,,,,18
171,10.0,9.18,,,,18
203,22.0,1.35,,,,18
186,4.0,0.99,,,,18
50,10.0,1.49,,,,18
129,10.0,3.92,,,,19
181,4.0,1.25,,,,19
76,22.0,2.69,,,,19
221,4.0,8.49,,,,19
225,4.0,3.29,,,,19
20,22.0,3.29,,,,19
219,10.0,0.89,,,,19
154,10.0,2.79,,,,19
185,4.0,2.33,,,,19
223,10.0,0.95,,,,19
16,4.0,1.75,1.75,,,19
192,4.0,1.38,,,,19
224,10.0,2.49,,,,19
59,10.0,3.99,,,,19
220,10.0,5.99,5.99,,,19
222,10.0,1.39,,,,19
186,4.0,0.99,,,,19
216,10.0,1.89,,,,19
117,10.0,1.49,1.49,,,19
127,10.0,1.4,,,,19
151,4.0,0.61,,0.11,Sconto Lidl Plus,19
140,4.0,2.49,,,,19
218,4.0,1.49,,,,19
13,4.0,0.51,,0.06,Sconto Lidl Plus,19
228,4.0,1.99,1.99,,,19
229,4.0,1.74,,,,19
226,4.0,0.01,,,,19
52,4.0,1.13,,,,19
227,10.0,2.99,,,,19
